Computing,1.91093
Risk,2.1817
cyberrattack,3.61913
Regulation,3.61913
Digitizatization,3.82186
APIs,2.54791
B2B,2.54791
macroeconomic,2.54791
blockchain.info/ch,7.64372
LLC	2.54791
data-based,2.54791
Sas-a-Service,3.82186
Tradeshift,3.82186
Stocks,2.41275
asset,2.41275
Algorithm,3.82186
Statistics,2.54791
crypto-currency,3.82186
Deep-Dives,3.82186
standardizing,2.54791
cognitive,1.91093
cloud/platform,7.64372
Analytics,2.54791
Overcapitalization,3.82186
www.deloitte.com,3.82186
analyst,2.54791
Equitable,2.54791
Cryptocurrency,3.82186
algorithms,2.54791
sensor,2.54791
Framewor,3.82186
AWS,1.91093
taxation,2.54791
Workforce,2.54791
globalization,3.82186
funding,2.04655
hacking,3.82186
Developer,2.54791
Crowdfunded,3.82186
optimization,3.82186
deployment,2.54791
Cybersecurity,3.82186
Cloud,1.91093
Retail,2.41275
peer-base,3.82186
asurability,3.82186
risk-tolerant,3.82186
software,3.82186
Mortgage,3.82186
Information,3.82186
Bank/fintech,3.82186
normalized,2.54791
Privacy,2.31686
Connectivity,3.82186
ernet-of-Things,3.82186
cloud,2.24248
Al,1.55777
riskmanagementmon,7.64372
industrial,2.54791
science,2.54791
mainframe,3.82186
Investments,2.54791
banks/payment,3.82186
Augmentum,3.82186
laundering,2.54791
stakeholder,2.41275
payouts,0.63734
database,2.54791
modernizing,3.82186
researching,2.54791
Blueprint,3.82186
Mutualization,3.82186
monetizing,2.54791
standardisation,2.84891
Insurance,1.97966
cutting-edge,2.54791
Stockspot,2.54791
fragmented,2.54791
Stakeholder,3.82186
TechCrunch,3.82186
Privacy,3.47529
crypto-currency,3.82186
Innnovator,2.54791
forbes.com/sites/j,7.64372
encryption,3.82186
ECOSYSTEM,2.54791
Aggregating,2.54791
Risk,2.1817
Healthcare,2.54791
Real-time,3.82186
adjudicating,3.82186
Cloud,1.91093
securitisation,3.82186
Platform,2.54791
Invests,2.54791
Efficiency,3.82186
riskmanagementmon,7.64372
mainframe,3.82186
machine-based,3.82186
externalization,3.82186