Id,Word,Schwab,PNC
33,development,1721,
13,capital,1039,
32,lenders,911,
18,regulatory,798,
11,economic,696,
1,financial,640,
34,experience,611,
16,transactions,589,
36,legal,528,
25,trading,392,
83,cloud-based,303,
4,customer,253,
50,servicing,233,
7,bank,230,
17,technology,227,
43,government,213,
47,commercial,198,
37,partnerships,178,
57,provisioning,177,
3,digital,161,
2,services,145,
14,management,140,
55,collateral,106,
5,information,86,
20,intermediaries,85,
41,investments,78,
23,equity,74,
29,firms,50,
22,global,49,
53,fraud,48,
24,infrastructure,46,
28,ecosystem,28,
35,innovation,22,
72,bitcoin,21,
12,risk,20,
15,lending,20,
49,connectivity,20,
6,world,16,
21,asset,15,
65,blockchain,14,
44,security,13,
60,currency,12,
76,cognitive,12,
26,industry,10,
40,claims,10,
67,distributors,10,
27,credit,9,
46,marketplace,9,
52,liability,8,
82,optimisation,8,
10, investments,7,
74,statistics,7,
8,products,5,
56,analytics,5,
63,financing,5,
59,ecosystems,4,
73,intelligence,4,
64,electronic,3,
51,audit,2,
39,merchants,1,
54,quantitative,1,
68,streamline,1,
69,jurisdictions,1,
70,incentives,1,
98,customer-oriented,1,
9,insurance,0,
19,opportunities,0,
30,investor,0,
31,crowdfunding,0,
38,technologies,0,
42,strategies,0,
45,liquidity,0,
48,analysis,0,
58,operational,0,
61,statements,0,
62,syndicate,0,
66,algorithms,0,
71,economics,0,
75,cyber,0,
77,metadata,0,
78,sap,0,
79,micropayments,0,
80,cryptocurrencies,0,
81,internet-of-things,0,
84,product,0,
85,sales/distribution,0,
86,automation focused,0,
87,multinationals,0,
88,ecommerce,0,
89,fintech,0,
90,machine learning,0,
91,blockchain related,0,
92,fidelity,0,
93,chainalysis,0,
94,tokenisation,0,
95,digitisation,0,
96,crypto-currency,0,
97,telecommunication,0,
99,annuities,0,
100,algorithm-driven,0,
