Word,Schwab
insurer,1721
gsm,562
solvency,370
marketplace,253
quantitative,213
participate,161
auditor,161
renewal,161
improvement,119
gradual,109
wearable,99
large-scale,90
brokerage,85
salesforce,84
improved,82
incumbent,74
regionalizatio,70
discount,61
kyc,58
trading',53
transformation,48
project,20
infrastructure,20
outlook,14
automation,13
department,13
vendo,12
pivotal,10
crowdfunding,10
quantopian,9
treasury,9
information,9
santander,7
automated,7
reconciliation,6
acceleration,5
munich,5
infrastructure,4
dominan,3
capital,3
summary,3
administration,3
depository,2
collateral,2
access,1
diligenc,1
point-of-sale,1
'regulatory',0
'critical development',0
'guarantor',0
'acceptance',0
'commodity',0
'regulatory direction',0
'regulatory uncertainty',0
post-trade,0
platform,0
consortia,0
market-data-cost,0
security,0
industrial,0
crowdfunding,0
entity,0
proprietary,0
experience,0
commoditization,0
asset,0
nich,0
granular,0
flexibility,0
competitive,0
thompson,0
commoditize,0
citizenship,0
economic,0
immutabl,0
consensys,0
computing,0
virtual,0
analytical,0
customer,0
real-time,0
block-chain,0
centralized,0
bond,0
dlt,0
transaction,0
gps,0
benchmar,0
securitization,0
tolerance,0
margin,0
electrnofied,0
quantopian,0
liquidity,0
albeit,0
credit,0
delineation,0
expansion,0
privacy,0
,0
