,,Schwab,PNC
risk-tolerant,3.82186,407,
Computing,1.91093,367,
Mortgage,3.82186,115,
payouts,0.63734,98,
Stocks,2.41275,85,
ernet-of-Things,3.82186,84,
Cybersecurity,3.82186,77,
standardisation,2.84891,77,
optimization,3.82186,60,
Cloud,1.91093,55,
cloud/platform,7.64372,45,
deployment,2.54791,33,
securitisation,3.82186,33,
laundering,2.54791,26,
hacking,3.82186,19,
science,2.54791,17,
industrial,2.54791,16,
Cryptocurrency,3.82186,14,
modernizing,3.82186,14,
www.deloitte.com,3.82186,13,
globalization,3.82186,11,
Crowdfunded,3.82186,11,
Digitizatization,3.82186,10,
taxation,2.54791,8,
database,2.54791,5,
APIs,2.54791,4,
Insurance,1.97966,4,
forbes.com/sites/j,7.64372,4,
normalized,2.54791,3,
B2B,2.54791,2,
Augmentum,3.82186,2,
stakeholder,2.41275,2,
"LLC	2.54791",,1,
Framewor,3.82186,1,
AWS,1.91093,1,
mainframe,3.82186,1,
fragmented,2.54791,1,
Risk,2.1817,1,
Risk,2.1817,0,
cyberrattack,3.61913,0,
Regulation,3.61913,0,
macroeconomic,2.54791,0,
blockchain.info/ch,7.64372,0,
data-based,2.54791,0,
Sas-a-Service,3.82186,0,
Tradeshift,3.82186,0,
asset,2.41275,0,
Algorithm,3.82186,0,
Statistics,2.54791,0,
crypto-currency,3.82186,0,
Deep-Dives,3.82186,0,
standardizing,2.54791,0,
cognitive,1.91093,0,
Analytics,2.54791,0,
Overcapitalization,3.82186,0,
analyst,2.54791,0,
Equitable,2.54791,0,
algorithms,2.54791,0,
sensor,2.54791,0,
Workforce,2.54791,0,
funding,2.04655,0,
Developer,2.54791,0,
Retail,2.41275,0,
peer-base,3.82186,0,
asurability,3.82186,0,
software,3.82186,0,
Information,3.82186,0,
Bank/fintech,3.82186,0,
Privacy,2.31686,0,
Connectivity,3.82186,0,
cloud,2.24248,0,
Al,1.55777,0,
riskmanagementmon,7.64372,0,
Investments,2.54791,0,
banks/payment,3.82186,0,
researching,2.54791,0,
Blueprint,3.82186,0,
Mutualization,3.82186,0,
monetizing,2.54791,0,
cutting-edge,2.54791,0,
Stockspot,2.54791,0,
Stakeholder,3.82186,0,
TechCrunch,3.82186,0,
Privacy,3.47529,0,
crypto-currency,3.82186,0,
Innnovator,2.54791,0,
encryption,3.82186,0,
ECOSYSTEM,2.54791,0,
Aggregating,2.54791,0,
Healthcare,2.54791,0,
Real-time,3.82186,0,
adjudicating,3.82186,0,
Cloud,1.91093,0,
Platform,2.54791,0,
Invests,2.54791,0,
Efficiency,3.82186,0,
riskmanagementmon,7.64372,0,
mainframe,3.82186,0,
machine-based,3.82186,0,
externalization,3.82186,0,
